"country","rata-rata sales","minimum sales","maksimal sales"
"United States of America","178784.50128571436","1730.54","1159200"
"Canada","177768.96350000004","1655.08","1038082.5"
"France","173958.37350000005","1763.86","962500"
"Germany","167895.29157142865","1685.6","1017338"
"Mexico","149638.22935714285","2508.66","848172.5"
